UID,Prediction
1844045271814558464,DECLINED
1840349097823778816,DECLINED
1488102613362294272,DECLINED
555529923942874624,DECLINED
1010213070486150912,DECLINED
1370869366423076096,DECLINED
330376665149701632,DECLINED
1927955299575152640,DECLINED
1159047042546043392,DECLINED
1554054683645373952,DECLINED
1676852773276240128,DECLINED
1335872516146736128,DECLINED
1108136757019277312,DECLINED
377730059464573952,DECLINED
1023043463617453824,DECLINED
1330300438669223424,DECLINED
616202901359100928,DECLINED
1719969690061707264,DECLINED
386429838180140544,DECLINED
163503573735491072,DECLINED
589002367753259776,DECLINED
1624159202162825472,DECLINED
1199766196625364480,DECLINED
1764959440829781248,DECLINED
2052268685839561216,DECLINED
491562678034080000,DECLINED
246407842196583680,DECLINED
1876328185836784128,DECLINED
1746196453053390592,DECLINED
1881651989321915136,DECLINED
338491284569821952,DECLINED
2170815315848952064,DECLINED
2038568716979398912,DECLINED
360728088399126784,DECLINED
2216883487142359808,DECLINED
41901781976476672,DECLINED
686905329240415232,DECLINED
677271186488669696,DECLINED
1347618836918130688,DECLINED
277237181622085632,DECLINED
760950293497113600,DECLINED
1793332393680035328,DECLINED
378300777226062080,DECLINED
1497487387535465728,DECLINED
1361051871822951424,DECLINED
338976759320870144,DECLINED
913159217280587264,DECLINED
977559178295919872,DECLINED
4523455718847744,DECLINED
755418612542844416,DECLINED
2148415844853340928,DECLINED
2276114318132676352,DECLINED
1364664850091501312,DECLINED
1301317828494920960,DECLINED
2165902075055208704,DECLINED
1964504578109983232,DECLINED
968968271427540480,DECLINED
643687902856158208,DECLINED
880512070560864512,DECLINED
363541090164015360,DECLINED
1147624798364392960,DECLINED
1084556550171344640,DECLINED
630981680482436864,DECLINED
750588968104397312,DECLINED
753316151520356352,DECLINED
651401291282062080,DECLINED
48283286553678848,DECLINED
104104763763597824,DECLINED
1022006555410851840,DECLINED
1667960557485808128,DECLINED
281465024033803776,DECLINED
466623204835317760,DECLINED
1667890319712287488,DECLINED
355187702600953600,DECLINED
72010978690933504,DECLINED
73017781092162304,DECLINED
1983657415382334976,DECLINED
1803045475808785664,DECLINED
1542787474276147200,DECLINED
1585189182442735616,DECLINED
283158534314326272,DECLINED
776958106823257344,DECLINED
1545736142455725312,DECLINED
690104310413503232,DECLINED
1023648623133010432,DECLINED
1059419707469658112,DECLINED
172370305752972288,DECLINED
1625960182977361664,DECLINED
508945422764850176,DECLINED
1292732714929350400,DECLINED
1568401440655169792,DECLINED
178982592513325312,DECLINED
1654524205726731008,DECLINED
267528823403864576,DECLINED
1968202245182248960,DECLINED
1211562213483950336,DECLINED
79638253655330304,DECLINED
2151575782020284416,DECLINED
476961624216748800,DECLINED
260349387521736704,DECLINED
581501539872343040,DECLINED
993503461442204416,DECLINED
1027248743176764416,DECLINED
165137311055199744,DECLINED
3533345089417984,DECLINED
2219158690643180032,DECLINED
1622884733306547712,DECLINED
946282649013854208,DECLINED
1129173391686272512,DECLINED
1733001364604936704,DECLINED
1695770976418940160,DECLINED
1053250217402385664,DECLINED
1235309451900303616,DECLINED
1106043396785155072,DECLINED
536647926289091072,DECLINED
1655193844786659840,DECLINED
70524933037345536,DECLINED
1748946971941687296,DECLINED
1862347666124983040,DECLINED
2166459155435334400,DECLINED
2045213614285419264,DECLINED
232521676943732992,DECLINED
998120933744423680,DECLINED
173679606965569024,DECLINED
193978920812816896,DECLINED
2188384259223079424,DECLINED
494749061666263808,DECLINED
924469824423228672,DECLINED
1205789645900100096,DECLINED
1017300487220593408,DECLINED
2006138586516131328,DECLINED
1504515443317917952,DECLINED
1312758449110271488,DECLINED
1853665487833538304,DECLINED
831943450686305792,DECLINED
423058440992274176,DECLINED
184525016858597376,DECLINED
494394538966882816,DECLINED
1060738361083155200,DECLINED
1485354231786294784,DECLINED
27778026650003968,DECLINED
733595445512232704,DECLINED
1009810557005056256,DECLINED
980610727729065728,DECLINED
1425986004904160768,DECLINED
1299080718185050368,DECLINED
790659129586450688,DECLINED
1517548316900963072,DECLINED
1566744763723807232,DECLINED
807857331159329536,DECLINED
2299982562063220224,DECLINED
1682466254565241344,DECLINED
262818253689757952,DECLINED
1828711110149331456,DECLINED
2225042256725281536,DECLINED
622528956262182912,DECLINED
59165627797842944,DECLINED
497438250372428032,DECLINED
543147287627859712,DECLINED
1706522717169469952,DECLINED
1542915090327796736,DECLINED
1702786468034978816,DECLINED
1852804617376154368,DECLINED
2185254218565037056,DECLINED
661475945407380480,DECLINED
699130775314446592,DECLINED
1094319702326647808,DECLINED
82316772319273728,DECLINED
1257631472934505984,DECLINED
960005047461166080,DECLINED
2128027764515478272,DECLINED
1498964858558017024,DECLINED
1915409893139630080,DECLINED
1866686550566867456,DECLINED
203203225286588928,DECLINED
1079224374118365440,DECLINED
352495040370550272,DECLINED
491282515200777216,DECLINED
686167439318460928,DECLINED
1128772991562473984,DECLINED
1730228398580129536,DECLINED
1968427098061617664,DECLINED
1103705131740259584,DECLINED
64416822347923968,DECLINED
2217885833231774464,DECLINED
2167250636861004800,DECLINED
2242275770800952320,DECLINED
2266126334407141632,DECLINED
1978742790369089536,DECLINED
1542987150723255040,DECLINED
2220826840750468864,DECLINED
1541506211510347520,DECLINED
634287763109782016,DECLINED
455747272314120960,DECLINED
658927248228271616,DECLINED
1458407682462294272,DECLINED
1136511026789385728,DECLINED
369494521152632064,DECLINED
811554350824050176,DECLINED
875911937319573760,DECLINED
985703639316660992,DECLINED
1546598697364653312,DECLINED
1071931400896084992,DECLINED
859790029809587456,DECLINED
1101729233274936576,DECLINED
710996461688830976,DECLINED
1808334488369959168,DECLINED
76267191862359808,DECLINED
65525965032037888,DECLINED
4694017504147968,DECLINED
1923886180780226304,DECLINED
1197145860818894848,DECLINED
974164214365749248,DECLINED
2112097526128358656,DECLINED
1108857553922843648,DECLINED
1996046924655479296,DECLINED
1774457163415345408,DECLINED
799369436986838016,DECLINED
238632024444312576,DECLINED
1805805375337737472,DECLINED
695439468080698880,DECLINED
1366152514280499200,DECLINED
1236185329967683328,DECLINED
1092117832114169856,DECLINED
359668560418249216,DECLINED
1095471509772059392,DECLINED
2067569398411365888,DECLINED
923727381447288576,DECLINED
844851999017242368,DECLINED
271709329951138048,DECLINED
1021735742394800896,DECLINED
1780711800523400448,DECLINED
1760979376639760640,DECLINED
1692057528816558080,DECLINED
979665008566428928,DECLINED
1956707341461059584,DECLINED
1395589435904622848,DECLINED
1537118247006047488,DECLINED
346696531521072640,DECLINED
1130306559398067456,DECLINED
1875137486804710144,DECLINED
2225071568855988480,DECLINED
481137149990092032,DECLINED
176738482359543296,DECLINED
1091996596998465024,DECLINED
1575762982696960,DECLINED
867914881808517376,DECLINED
2263609246266868480,DECLINED
1162345503596949504,DECLINED
973112449622264832,DECLINED
1047245250274542080,DECLINED
389689457439869696,DECLINED
932553609223981056,DECLINED
142727608983342592,DECLINED
298437344745311488,DECLINED
1443753763886688768,DECLINED
383365531420218112,DECLINED
578204289092892672,DECLINED
1918051999112010752,DECLINED
1339496044770199552,DECLINED
1971320413543310592,DECLINED
960197664632878592,DECLINED
469434130215379712,DECLINED
137232741006752256,DECLINED
1310572189214387456,DECLINED
1590459845471786496,DECLINED
1678706479318297344,DECLINED
1583539325613188608,DECLINED
895713887699915264,DECLINED
512897093755495424,DECLINED
42024856987164416,DECLINED
307987346440101120,DECLINED
600108200623927296,DECLINED
1283291081539268864,DECLINED
1450099375602815232,DECLINED
1450522311707225600,DECLINED
933406332501298944,DECLINED
133287664061047808,DECLINED
1537696291980764928,DECLINED
267862680825742336,DECLINED
1161808287495086592,DECLINED
389723577376496128,DECLINED
1025967998154655488,DECLINED
690711805734673920,DECLINED
2156857220096544000,DECLINED
958151973008656640,DECLINED
1056785467042074112,DECLINED
1747342955615616000,DECLINED
941373091366296832,DECLINED
491343422417419520,DECLINED
1236698786830748416,DECLINED
979125618094574336,DECLINED
1795076874195360512,DECLINED
1513855954166818560,DECLINED
1282134522503113472,DECLINED
1973532956395710464,DECLINED
775644317990916352,DECLINED
1358454052088393472,DECLINED
1705862605736118016,DECLINED
227879511558926592,DECLINED
1471003530858867456,DECLINED
704597655925686528,DECLINED
1043183744450066688,DECLINED
164650317271099136,DECLINED
714894275366523648,DECLINED
481709394047369216,DECLINED
1274877409512055040,DECLINED
1335707883715250944,DECLINED
747155017033112064,DECLINED
1056389670378464000,DECLINED
63391724755830016,DECLINED
1545760932050656768,DECLINED
28491158231559168,DECLINED
550394327296,DECLINED
1697432521271716352,DECLINED
87805065501789696,DECLINED
1948604219697389568,DECLINED
132779067809582080,DECLINED
1814788872886699520,DECLINED
477566301912527360,DECLINED
1325877944651719680,DECLINED
1322983359941020416,DECLINED
1970557978730942464,DECLINED
2153503211759485440,DECLINED
1989080035320784384,DECLINED
337141531512344320,DECLINED
1701077801782668800,DECLINED
175421713081416704,DECLINED
831085425744753408,DECLINED
1533606189758362368,DECLINED
358240045820402944,DECLINED
2251575376764394240,DECLINED
1146263721023452672,DECLINED
2196101646031750144,DECLINED
31653608605096448,DECLINED
1024850387904906496,DECLINED
1944878118847306240,DECLINED
1969288082010274048,DECLINED
529629084240014336,DECLINED
481869111952843264,DECLINED
290543241516236544,DECLINED
1642093341127500288,DECLINED
1743206817041144832,DECLINED
609771784425750528,DECLINED
1741871521143107840,DECLINED
68041485379800320,DECLINED
2047001899330770688,DECLINED
1054745333804595712,DECLINED
1212634582580076800,DECLINED
621142023634652160,DECLINED
146300540009963264,DECLINED
115629371313644032,DECLINED
369182682369918464,DECLINED
83303897864160000,DECLINED
487326095745811968,DECLINED
1565310553100147200,DECLINED
47303518804574976,DECLINED
1086217149794939648,DECLINED
745151203373685248,DECLINED
1056913288911452160,DECLINED
951744296514517760,DECLINED
219745800924266240,DECLINED
61177420787547392,DECLINED
1283382351637665280,DECLINED
1268777368982404096,DECLINED
441163682158526208,DECLINED
2022197626285565440,DECLINED
1832612522200082688,DECLINED
1097109381587029760,DECLINED
50941630462021632,DECLINED
1218671392260863232,DECLINED
1125400195079049728,DECLINED
1148981571467628032,DECLINED
905045499609208832,DECLINED
716807141048818176,DECLINED
588566925689350400,DECLINED
755856710790883328,DECLINED
1485539321549600000,DECLINED
1993904318856153856,DECLINED
31852519464357120,DECLINED
201069854593583872,DECLINED
1774151863644612096,DECLINED
1530263815642852608,DECLINED
2073769697603484160,DECLINED
357631218499893760,DECLINED
824052538773823232,DECLINED
602225317744710912,DECLINED
1208607403358803968,DECLINED
1915899454416908544,DECLINED
610678932246741504,DECLINED
62628817501510656,DECLINED
2015268301926306560,DECLINED
2195931359994894848,DECLINED
2151344648141044992,DECLINED
2133291169113279744,DECLINED
410541040250504960,DECLINED
2219935138183707904,DECLINED
1713016084503123968,DECLINED
267988265068359168,DECLINED
1701334406749374720,DECLINED
486209208056482816,DECLINED
579335403597350144,DECLINED
1926162375330499328,DECLINED
281674297174654720,DECLINED
551055225191462400,DECLINED
2063448227548717056,DECLINED
347093481928557312,DECLINED
1087167119986722048,DECLINED
1877754039048887040,DECLINED
819624486197395200,DECLINED
141610585603335936,DECLINED
148250719650089728,DECLINED
1038584984044814080,DECLINED
2295231378435472128,DECLINED
298459001502403328,DECLINED
1954201116755655680,DECLINED
1985723088876339200,DECLINED
14771438263879680,DECLINED
2101726116481195008,DECLINED
1290006719948531712,DECLINED
1621586841905304576,DECLINED
345236678849886464,DECLINED
1041863920391523328,DECLINED
1602236194384478464,DECLINED
2122811040502972160,DECLINED
1730329843960716800,DECLINED
841789170299227904,DECLINED
2149975519271668224,DECLINED
1497300884961507328,DECLINED
374019449051769088,DECLINED
2245187822733202944,DECLINED
1822141692483258880,DECLINED
2059278619126914816,DECLINED
149813997918102016,DECLINED
151250720853639168,DECLINED
2174573522325405952,DECLINED
1892601197776200960,DECLINED
1088772757514419712,DECLINED
178472719686493952,DECLINED
742165706131249664,DECLINED
70642620990174464,DECLINED
135116389813529856,DECLINED
1890576674690573568,DECLINED
1038132191982358784,DECLINED
675091883835590912,DECLINED
1357027664023847424,DECLINED
546285683473174016,DECLINED
634111939424370432,DECLINED
1126343800338764544,DECLINED
1086237702675472640,DECLINED
690299585164991232,DECLINED
968358156243242752,DECLINED
622845889377510656,DECLINED
1283240570604206592,DECLINED
1189069045073675008,DECLINED
1046409909683985408,DECLINED
1183563111043194880,DECLINED
418492079857292544,DECLINED
692948030481516288,DECLINED
2004655086958487296,DECLINED
1320043581099890432,DECLINED
211449060533888256,DECLINED
1402109881777965824,DECLINED
1256906467367899136,DECLINED
196616519236167680,DECLINED
1183294336381173504,DECLINED
1046403860935020544,DECLINED
1470707954426021120,DECLINED
527240873556253952,DECLINED
2073853353964937216,DECLINED
1150831429556964352,DECLINED
324009514615095296,DECLINED
1966786405693368576,DECLINED
148196270610553344,DECLINED
2056703618309611520,DECLINED
900573205755856640,DECLINED
355233178355436800,DECLINED
1742554716022156288,DECLINED
456372991495555328,DECLINED
431473245523282176,DECLINED
1287026717930930944,DECLINED
1363433550028120320,DECLINED
344243667748291584,DECLINED
1685522838290689024,DECLINED
290328879374202112,DECLINED
2079560125299755520,DECLINED
103615054270731008,DECLINED
1973386577842303744,DECLINED
2257434424903768064,DECLINED
1225743466098979584,DECLINED
2042668899120482304,DECLINED
889467386426244096,DECLINED
1875060723685155328,DECLINED
1531981801323890944,DECLINED
2085381224220439296,DECLINED
2123016103949358848,DECLINED
1978796066671472896,DECLINED
1839935552781935616,DECLINED
1191962373454537984,DECLINED
650133185414311424,DECLINED
1132934184864637440,DECLINED
1377370936081381120,DECLINED
1273026038127895808,DECLINED
768879596787112960,DECLINED
1418089960745580288,DECLINED
1967529030145009920,DECLINED
182068074254135552,DECLINED
1574433072053300736,DECLINED
744190193768740096,DECLINED
1839259069752589824,DECLINED
685237471830470144,DECLINED
1585800958149923328,DECLINED
991349090254495488,DECLINED
474395911494028544,DECLINED
192609905025518592,DECLINED
999487243567239424,DECLINED
1364934066908207616,DECLINED
1715913535985953024,DECLINED
1715012058307232000,DECLINED
363178660924118272,DECLINED
1802751576322103552,DECLINED
428777363798065920,DECLINED
929269686720225280,DECLINED
957127170514657536,DECLINED
342349138249339136,DECLINED
1167863557700556800,DECLINED
539278259637047040,DECLINED
723633952764399872,DECLINED
50303246702966272,DECLINED
2303354286849803008,DECLINED
850412378130908672,DECLINED
869101078361089280,DECLINED
1357337944514902016,DECLINED
212776028859809792,DECLINED
1528279233407632640,DECLINED
891682366044623104,DECLINED
1329744071697619712,DECLINED
89739518613854976,DECLINED
1628094089759315968,DECLINED
1799824134231566080,DECLINED
488766883345479680,DECLINED
2098183120741210112,DECLINED
2076434517306136576,DECLINED
970853045883471616,DECLINED
735444790669794560,DECLINED
271754236013052928,DECLINED
1806778725741934592,DECLINED
827475891649746432,DECLINED
1514421207185900032,DECLINED
1011843172438663936,DECLINED
2198780841317657600,DECLINED
1259049623905839360,DECLINED
1637039110958932480,DECLINED
803824817034047488,DECLINED
66248669611168000,DECLINED
1750567473280270336,DECLINED
291085314225988352,DECLINED
892942432738213632,DECLINED
2160138730894572288,DECLINED
2047961997551416832,DECLINED
650087070813940992,DECLINED
1516261444972048128,DECLINED
982927542378623744,DECLINED
1259000239056350208,DECLINED
843326311721210368,DECLINED
1242052002721511680,DECLINED
1602546018428236544,DECLINED
827866520690320128,DECLINED
1063736926653522432,DECLINED
1537307743678130944,DECLINED
1603488938429385216,DECLINED
4870608815242240,DECLINED
510740793721122048,DECLINED
862269575218179584,DECLINED
27128125449377280,DECLINED
1272829193101657344,DECLINED
1041946637479842304,DECLINED
2295362471841946368,DECLINED
257186085435745024,DECLINED
2085848677711175936,DECLINED
1412584348145452288,DECLINED
4687778214534400,DECLINED
1924488315139873792,DECLINED
435535938061322752,DECLINED
1636797172834557696,DECLINED
587653715497068800,DECLINED
447161819030821120,DECLINED
2008984631425581056,DECLINED
1359565485178118912,DECLINED
844866621794662400,DECLINED
1372793012503213056,DECLINED
2112381856626769152,DECLINED
204639153331454976,DECLINED
905412825049004544,DECLINED
675878964825784576,DECLINED
98845936818338816,DECLINED
76915713414257152,DECLINED
994627016591351552,DECLINED
637176650211507712,DECLINED
1003198499046462464,DECLINED
691501904713351424,DECLINED
1666398680173503744,DECLINED
2205894880488859136,DECLINED
795482914812992512,DECLINED
2282265912168226816,DECLINED
964474586255100672,DECLINED
836529914864939776,DECLINED
835194002936858880,DECLINED
153144724871919360,DECLINED
764423939165336064,DECLINED
1862735976901864192,DECLINED
1779093387551921920,DECLINED
1174035153404422400,DECLINED
985773847760427776,DECLINED
1043841920228590336,DECLINED
497584819411221504,DECLINED
1798554295634347264,DECLINED
1529158110558703104,DECLINED
459954664829553408,DECLINED
453038130278908416,DECLINED
193681352960409344,DECLINED
1218685611341190144,DECLINED
1116966330279417600,DECLINED
1988583632784670720,DECLINED
1789784765114133248,DECLINED
1114359102979651328,DECLINED
162445335532569856,DECLINED
690853944540715520,DECLINED
1927356052990991616,DECLINED
1399158673651082752,DECLINED
659814460673538304,DECLINED
2245080812320178944,DECLINED
1145804281140548608,DECLINED
344357447960850688,DECLINED
1846297118281332992,DECLINED
641950228230880000,DECLINED
1737084883383341056,DECLINED
1667573730879257088,DECLINED
1562824343534583552,DECLINED
91971549228382720,DECLINED
286059125116155648,DECLINED
2070168034586590720,DECLINED
1969021098742987264,DECLINED
858949957175009280,DECLINED
1003353585604944640,DECLINED
887545238499935232,DECLINED
775043054749340416,DECLINED
374292030495562240,DECLINED
1888154394956002560,DECLINED
642169456243004928,DECLINED
1637369368067892224,DECLINED
1715071585689034240,DECLINED
55782446338736128,DECLINED
2275823194826050304,DECLINED
198721514706079232,DECLINED
426535468067937024,DECLINED
1076797918324941824,DECLINED
1542094455557257728,DECLINED
1222288794552098816,DECLINED
1001736662658018048,DECLINED
1651953500779361280,DECLINED
581366580518245888,DECLINED
616096258023498752,DECLINED
1367883704361842688,DECLINED
359908419639207168,DECLINED
108713218560378624,DECLINED
1464451910264617472,DECLINED
44872552381761536,DECLINED
1248325590716149248,DECLINED
1791073514964917248,DECLINED
1080681022727374080,DECLINED
1837015160026920960,DECLINED
1031470698396381696,DECLINED
976092876743266816,DECLINED
2108966459899020032,DECLINED
1898255950791766784,DECLINED
120429924921741056,DECLINED
1332289963589067008,DECLINED
1405286886477539328,DECLINED
1836721826905826560,DECLINED
1677215850945456384,DECLINED
224275651257585152,DECLINED
1079651463546705152,DECLINED
1498463592466397952,DECLINED
308398645808829952,DECLINED
947144101510838528,DECLINED
996830107168881152,DECLINED
193037644149498368,DECLINED
8657228430574080,DECLINED
1573166888510754560,DECLINED
2037317814172488960,DECLINED
802581774448146944,DECLINED
745812668324680704,DECLINED
1713506163779505664,DECLINED
364990637651860480,DECLINED
1423750299921141248,DECLINED
1065111647206838784,DECLINED
292469796423543040,DECLINED
1950335418602921728,DECLINED
291701763654429184,DECLINED
696099831748129792,DECLINED
1975765790100139264,DECLINED
2149047050478910976,DECLINED
991280789317304064,DECLINED
1149652895225803008,DECLINED
439844842454978816,DECLINED
1945350737330072832,DECLINED
1875900948292133376,DECLINED
1579615934759917824,DECLINED
1141907045980231424,DECLINED
125546188554977280,DECLINED
1057500869823524864,DECLINED
518818092097199360,DECLINED
1818060557896639488,DECLINED
245236145666569728,DECLINED
1726784430174349056,DECLINED
1177844740590216960,DECLINED
1703472135174004736,DECLINED
434001328273620480,DECLINED
2294124009146785280,DECLINED
664770853011369984,DECLINED
372037161166484224,DECLINED
570404881828560640,DECLINED
985898230593399040,DECLINED
88616708331973632,DECLINED
727644021323207680,DECLINED
1921859950886707968,DECLINED
1290637529669411840,DECLINED
224699939223011072,DECLINED
310342167883338240,DECLINED
275527461909089280,DECLINED
1205708354526205696,DECLINED
700990577891560448,DECLINED
192700000044917248,DECLINED
1962005987152882176,DECLINED
148550379663451136,DECLINED
2063494342236360960,DECLINED
1100171431010448640,DECLINED
1171902618236695040,DECLINED
164015264960838656,DECLINED
1810088966906907136,DECLINED
1916480100082018816,DECLINED
1869296432765157632,DECLINED
2246189308219745536,DECLINED
133083510919079168,DECLINED
860864668356392192,DECLINED
323209729499350272,DECLINED
1941837377970787072,DECLINED
236650074713352960,DECLINED
1874541385956791552,DECLINED
957910613470043648,DECLINED
223738479001888000,DECLINED
456720540701244928,DECLINED
57599900396094720,DECLINED
1471927692927349760,DECLINED
1307095228018893056,DECLINED
607070703812265472,DECLINED
919366239780275200,DECLINED
1988194410618382080,DECLINED
805346916636904448,DECLINED
176768436139725824,DECLINED
1665150404927819776,DECLINED
1382132473225120768,DECLINED
282430561943194880,DECLINED
309846164286473728,DECLINED
1032050477916484096,DECLINED
62208685302094336,DECLINED
156795699945061632,DECLINED
437017361363847680,DECLINED
1947339210925908736,DECLINED
1742899323889282048,DECLINED
629367163328945664,DECLINED
665594388049152512,DECLINED
936540880759569920,DECLINED
2293952826980170240,DECLINED
1863470498642731776,DECLINED
1383835249319162112,DECLINED
2213850539712256512,DECLINED
494181745260257024,DECLINED
1120451971390804480,DECLINED
697486265974959360,DECLINED
1176864958618128896,DECLINED
325584086005621760,DECLINED
1695529297152722688,DECLINED
24722919026950912,DECLINED
75110159801630976,DECLINED
811651921139454720,DECLINED
1223333906356209664,DECLINED
2258182238856910848,DECLINED
1432956056066970368,DECLINED
664717064553559296,DECLINED
665419593791888640,DECLINED
611433227048726528,DECLINED
715170942224186880,DECLINED
1600442423144370944,DECLINED
985283467668192768,DECLINED
540530634565704960,DECLINED
39600907667229696,DECLINED
1228480622995821056,DECLINED
1260045120580384256,DECLINED
1816138262055175936,DECLINED
1877215667195459584,DECLINED
921055411179549952,DECLINED
1135730272359164416,DECLINED
477469611204161280,DECLINED
1993673061091921920,DECLINED
1880228626157166848,DECLINED
992406172203776000,DECLINED
21130318359894016,DECLINED
44677074575281920,DECLINED
284471857350923264,DECLINED
741956684816807168,DECLINED
12863846799702016,DECLINED
1940878628338990848,DECLINED
1718037080128405760,DECLINED
197656948068467456,DECLINED
1522805096473916160,DECLINED
1813197587300637696,DECLINED
1103169144151213568,DECLINED
1154063361829341696,DECLINED
1490266844040556288,DECLINED
2192703420607482368,DECLINED
1165230875519287552,DECLINED
490021733095928576,DECLINED
597078533881248768,DECLINED
1519632004313665280,DECLINED
509440651766342400,DECLINED
621995463077337344,DECLINED
271646061209283584,DECLINED
564694748449547264,DECLINED
2227072627800915712,DECLINED
1933009595057202432,DECLINED
1532146057129418240,DECLINED
726393104081333504,DECLINED
162175049329648128,DECLINED
1660055000762054400,DECLINED
491191097424070400,DECLINED
1957905008253125632,DECLINED
1133318865040483584,DECLINED
174149619077635072,DECLINED
1854182507662846976,DECLINED
462912128001478400,DECLINED
1400763004906600704,DECLINED
198349925120945664,DECLINED
601229386581752576,DECLINED
1754737719755016960,DECLINED
1871415389880030720,DECLINED
1640189765432418304,DECLINED
2155490052316931584,DECLINED
538081525529980672,DECLINED
1608084533612725504,DECLINED
88224935717999360,DECLINED
33871637443542272,DECLINED
1486956918348918528,DECLINED
167008966468000256,DECLINED
377534910299262464,DECLINED
2122822689281026048,DECLINED
1141589615731234560,DECLINED
1167188546008772096,DECLINED
362510073548821248,DECLINED
731863459550118912,DECLINED
1603997404724239616,DECLINED
1633335530172708096,DECLINED
452469086826528000,DECLINED
546999545924491776,DECLINED
1292103423416339712,DECLINED
1276710501904603392,DECLINED
1587947018755443712,DECLINED
2057952594304403968,DECLINED
2006794365969282816,DECLINED
1462113550525947136,DECLINED
1854475374532229120,DECLINED
1333684070587260160,DECLINED
2272428609681784064,DECLINED
446357458252686080,DECLINED
1088976021901700096,DECLINED
1848314961497201152,DECLINED
975284256550172928,DECLINED
1136965795721414144,DECLINED
100082201952491520,DECLINED
2249684447689257984,DECLINED
21324338268595968,DECLINED
1755421208382898176,DECLINED
733248282259323136,DECLINED
657608292827521536,DECLINED
1629673131518822656,DECLINED
2115300098299953152,DECLINED
2202424611238192640,DECLINED
1283532990523758080,DECLINED
1226284019235358720,DECLINED
1993939761172142080,DECLINED
1851697127436760320,DECLINED
16477366245581056,DECLINED
2128038452044856832,DECLINED
2010393830505201152,DECLINED
1439578513736034048,DECLINED
183160218627266560,DECLINED
544813214790076672,DECLINED
2125093581556416256,DECLINED
138747382014822656,DECLINED
2295686427686544896,DECLINED
530190741873716480,DECLINED
2117122534242546944,DECLINED
45305616877415680,DECLINED
1852159000856554752,DECLINED
1621375548570765312,DECLINED
333835752418002176,DECLINED
1105679856325302272,DECLINED
501256347711819520,DECLINED
2055316088251874816,DECLINED
1673490127597565440,DECLINED
304157944545302784,DECLINED
2264964458641524480,DECLINED
1705875671738024704,DECLINED
2137355732099644928,DECLINED
771078206645238272,DECLINED
1106574871976086528,DECLINED
657864812563062272,DECLINED
45465779147619328,DECLINED
456245588902047488,DECLINED
1892971900535695616,DECLINED
1548037777155405568,DECLINED
1957845257056630784,DECLINED
465730850571417856,DECLINED
1918505074531873536,DECLINED
1198472070974381312,DECLINED
545965621153208064,DECLINED
1502690766462382848,DECLINED
1375100750247357696,DECLINED
999637161755751168,DECLINED
1923645125099718400,DECLINED
518100721837684992,DECLINED
2144408804231846912,DECLINED
1959199135844044032,DECLINED
1884406361553778688,DECLINED
364444822651289344,DECLINED
338858879912543744,DECLINED
1951628757046091264,DECLINED
176109284357198592,DECLINED
1619465551111544064,DECLINED
321347276181250048,DECLINED
1013630885324647680,DECLINED
520617543540095744,DECLINED
2012559314666660864,DECLINED
1690998113040414976,DECLINED
595862547368113152,DECLINED
1104792523826457344,DECLINED
476879849178874624,DECLINED
1075717649793478912,DECLINED
1609762495462468352,DECLINED
467567988720943616,DECLINED
167127709738266368,DECLINED
1942960157741853184,DECLINED
1474336389020912640,DECLINED
1309576115340294144,DECLINED
1414617401227969792,DECLINED
25019730898701056,DECLINED
942223116532527872,DECLINED
952125542993627136,DECLINED
2010314005402148096,DECLINED
1379184080672545792,DECLINED
302827065934957824,DECLINED
893231561744308736,DECLINED
720860023448209664,DECLINED
1740023299133139200,DECLINED
1731072718654033664,DECLINED
1824013919286879488,DECLINED
101920994537826048,DECLINED
819114413858027776,DECLINED
1185970448009491712,DECLINED
2239385650605711616,DECLINED
823190102899186176,DECLINED
590429751054537216,DECLINED
1565917896915594752,DECLINED
1428032007537232128,DECLINED
1207119882373287936,DECLINED
1708236760345806848,DECLINED
1813101198298421248,DECLINED
1678111545280652288,DECLINED
193623826935734016,DECLINED
1908372750453142528,DECLINED
1202993409211518208,DECLINED
1899524556989076736,DECLINED
311843507126476800,DECLINED
2104753083673527552,DECLINED
1843962934020692480,DECLINED
2298067679671517696,DECLINED
434754542936684288,DECLINED
2006749527390570240,DECLINED
682441933242756096,DECLINED
993625057210535168,DECLINED
2010004381465233920,DECLINED
369491711204356096,DECLINED
1525324407528297216,DECLINED
104747458920006912,DECLINED
99141046143252224,DECLINED
345552628850527744,DECLINED
2231913372356778752,DECLINED
857264963653157888,DECLINED
1352013200965436928,DECLINED
1132177167827480576,DECLINED
1701746897058770944,DECLINED
771088423496277504,DECLINED
1384084926052644608,DECLINED
937490664792622592,DECLINED
1670720363826379776,DECLINED
1479881522747186944,DECLINED
1032539782741282304,DECLINED
1649731225184862976,DECLINED
1735233868956147712,DECLINED
671822628558084352,DECLINED
859578034007764224,DECLINED
899898657756472064,DECLINED
1872009897965145344,DECLINED
2133735398081585408,DECLINED
2246556248776775680,DECLINED
491536973101991680,DECLINED
1943573972829154304,DECLINED
2147906205660994560,DECLINED
2164923846066224640,DECLINED
1563721870925055744,DECLINED
1684073329588658176,DECLINED
131715964755409152,DECLINED
1643166171361251072,DECLINED
1275249127071723776,DECLINED
867921640948621056,DECLINED
1646823569693155328,DECLINED
805767501263211008,DECLINED
112922596198413056,DECLINED
2284731222830713088,DECLINED
1060104864064026880,DECLINED
502158311395947264,DECLINED
1845298675054376960,DECLINED
575575306960293632,DECLINED
2104469738495482624,DECLINED
250551626426939392,DECLINED
1791429494332478720,DECLINED
1621231247790019840,DECLINED
1912815180029169920,DECLINED
375809846067890688,DECLINED
373818639911270144,DECLINED
303776702236537600,DECLINED
1274821993469606912,DECLINED
299202770829532416,DECLINED
1501348141245116416,DECLINED
214732265485441536,DECLINED
2085060512267891200,DECLINED
1381391290763286272,DECLINED
1470402030151233536,DECLINED
950668979404275968,DECLINED
531669294413903360,DECLINED
1475754604114312704,DECLINED
394236889332140544,DECLINED
339360802528945920,DECLINED
727795705362441984,DECLINED
1425094239327407104,DECLINED
242776721967457536,DECLINED
1785073050780136448,DECLINED
137072219254713344,DECLINED
912505248269377536,DECLINED
58500290551974400,DECLINED
1130168910958162688,DECLINED
804344688778730752,DECLINED
362206961273355776,DECLINED
1315169520472791552,DECLINED
452878763062997760,DECLINED
465055036394857984,DECLINED
965709971268953088,DECLINED
2238982510165646080,DECLINED
1964444196334329088,DECLINED
2007256200594078720,DECLINED
526828583699416832,DECLINED
1540981690704273408,DECLINED
1349444522040055808,DECLINED
1133413096035709696,DECLINED
1291415738950243072,DECLINED
570650017829731328,DECLINED
530975783251469056,DECLINED
426450014062013184,DECLINED
933462337723223040,DECLINED
1912272449497683968,DECLINED
1705542800836068864,DECLINED
1561645830039694592,DECLINED
167423039275632128,DECLINED
550223432215526912,DECLINED
2070458083064405504,DECLINED
1530687709678357248,DECLINED
155817575847933696,DECLINED
1691481374143417088,DECLINED
1360582684776717824,DECLINED
2216133865496955136,DECLINED
1046846372007992832,DECLINED
611263349080393728,DECLINED
194578655915157248,DECLINED
1598289440411740928,DECLINED
1127172773503513088,DECLINED
257939070122003712,DECLINED
532092481111128832,DECLINED
2107524568208334336,DECLINED
973610194375191552,DECLINED
809671222692642816,DECLINED
345204484768562432,DECLINED
885110918769046016,DECLINED
755609677310647296,DECLINED
1039098749288391936,DECLINED
604414323326110720,DECLINED
1451149213308409344,DECLINED
1868774937065507584,DECLINED
903073209485206016,DECLINED
1488578702283954688,DECLINED
554616387778575616,DECLINED
2269309747602729984,DECLINED
895578190084309504,DECLINED
804168193820123392,DECLINED
170981329063857920,DECLINED
302325100836209664,DECLINED
769194567705434624,DECLINED
1418781060307105792,DECLINED
410175604479328256,DECLINED
1382933125938829056,DECLINED
1551725410102309888,DECLINED
1032920421995262208,DECLINED
878572798720548352,DECLINED
1800504364752341504,DECLINED
1588968587900062976,DECLINED
972788825869569792,DECLINED
2063612317077679360,DECLINED
1269890388127473920,DECLINED
2235813801134894336,DECLINED
672714694306087680,DECLINED
2204207392566347008,DECLINED
311765467584460288,DECLINED
395156431268556544,DECLINED
347721666595843328,DECLINED
870333422878952960,DECLINED
642711580061019648,DECLINED
336165031801238784,DECLINED
2234179083905362944,DECLINED
378828136542772224,DECLINED
1762253984987843840,DECLINED
299957795741341952,DECLINED
1351111312091545600,DECLINED
1382569777356185088,DECLINED
1080035492221748736,DECLINED
1594371354888960,DECLINED
688245945495729152,DECLINED
2056490367340703488,DECLINED
1974887667202392320,DECLINED
2225335120490632192,DECLINED
1761524687164554496,DECLINED
1737897663136374528,DECLINED
309398505844176896,DECLINED
382872964840497664,DECLINED
246531436517374208,DECLINED
1672589749058626304,DECLINED
1267851731225768960,DECLINED
1586614553152286464,DECLINED
1671399505821264640,DECLINED
1988989045984106752,DECLINED
1404725550865997312,DECLINED
2280022406996930816,DECLINED
776237582919643648,DECLINED
1477664730422325760,DECLINED
509990308222246656,DECLINED
1998439502909422336,DECLINED
1015315116505542656,DECLINED
1494638141810465024,DECLINED
1498589844534265344,DECLINED
863485303171686912,DECLINED
541679715743514624,DECLINED
832673853979475456,DECLINED
2082557810851741696,DECLINED
382829477481796096,DECLINED
2163222939573699072,DECLINED
1401834475986089728,DECLINED
372927713202759168,DECLINED
1842305563950244096,DECLINED
634074866009340416,DECLINED
1610466906573588736,DECLINED
449439190828689920,DECLINED
698523756906471424,DECLINED
291421510504129024,DECLINED
329098598974701824,DECLINED
343871052108998912,DECLINED
233429308972975104,DECLINED
2181535369179730944,DECLINED
2249378093310030336,DECLINED
1774732971617199872,DECLINED
2272255507894621696,DECLINED
901402934072836608,DECLINED
2153836916487744512,DECLINED
436393906877926144,DECLINED
1773764876660287488,DECLINED
306592185324975104,DECLINED
1439626109710780928,DECLINED
1508197882536219648,DECLINED
1074539444025650176,DECLINED
1724877104176937472,DECLINED
1692692782737814784,DECLINED
82328276969975040,DECLINED
131067622201718272,DECLINED
2239598145541924352,DECLINED
1459886518955944192,DECLINED
1071837892195299840,DECLINED
218462803964729856,DECLINED
917570550543131904,DECLINED
455100544617457920,DECLINED
1101129855798363904,DECLINED
442693413136648192,DECLINED
2212970308975624704,DECLINED
1849967626461424128,DECLINED
1667579777198068480,DECLINED
910142396541626112,DECLINED
167758073339428352,DECLINED
1546243785453356288,DECLINED
409859661154961152,DECLINED
1995019802940892928,DECLINED
1935451036149449728,DECLINED
1658779751921136384,DECLINED
1575500304739623936,DECLINED
932077481310461184,DECLINED
917395016896480768,DECLINED
738823522816752128,DECLINED
292711923594904832,DECLINED
1079732063438277120,DECLINED
2127846800321747456,DECLINED
642856192239233280,DECLINED
1585913673487657472,DECLINED
372126312075029248,DECLINED
1998582894578146816,DECLINED
312877141464997632,DECLINED
144172614790436608,DECLINED
1707840539333534976,DECLINED
2191100452307594752,DECLINED
1604558663514401792,DECLINED
703470154384606720,DECLINED
1033416137989115648,DECLINED
1871530033077021952,DECLINED
1042679905662612736,DECLINED
803623457377782016,DECLINED
1969707374514761728,DECLINED
465496280692012288,DECLINED
705380684287143168,DECLINED
1812110832172143104,DECLINED
1881650999852418816,DECLINED
1209814240882119168,DECLINED
2028658137135921152,DECLINED
1753326173243382528,DECLINED
1938554210953378048,DECLINED
1382485666790468608,DECLINED
1413999373649483264,DECLINED
1344374873953410560,DECLINED
1915013181804224000,DECLINED
1031902925538000896,DECLINED
936707064808196864,DECLINED
1893892016049295616,DECLINED
1061049589159463680,DECLINED
331942060323488256,DECLINED
1738663455786285056,DECLINED
955548803814297856,DECLINED
491112410357135360,DECLINED
1714497927770960128,DECLINED
651751771157717248,DECLINED
42190162331748864,DECLINED
1749754447388295936,DECLINED
119570753600045312,DECLINED
120270527167648512,DECLINED
1761441581994236672,DECLINED
166717398927575296,DECLINED
298113936502434560,DECLINED
747633486120273152,DECLINED
923383263429117184,DECLINED
1138459031816085504,DECLINED
1893871627544735744,DECLINED
1123875638862153984,DECLINED
470112949190961920,DECLINED
170195657270298880,DECLINED
2214082705419324416,DECLINED
1076868870418551808,DECLINED
1485188261644090880,DECLINED
664574953580921600,DECLINED
1740717221207697920,DECLINED
2118970516400076032,DECLINED
1681498178540766464,DECLINED
1626295946023634432,DECLINED
1238229486577452800,DECLINED
670624324609278208,DECLINED
2220425259144052992,DECLINED
1917769642788034560,DECLINED
1349369597851279872,DECLINED
92308384799697408,DECLINED
11400501954664704,DECLINED
1904156286920781312,DECLINED
490375646412813056,DECLINED
2171051858581012736,DECLINED
1845883933986355200,DECLINED
1154938561662929920,DECLINED
329441940961258752,DECLINED
899871367220249344,DECLINED
792044840604158976,DECLINED
2268723433135709952,DECLINED
1098602212877667072,DECLINED
1177156935575926016,DECLINED
1861257753599528704,DECLINED
1494538099660334336,DECLINED
523702583392733952,DECLINED
1571001634169876992,DECLINED
1788800692768545536,DECLINED
346664797035345664,DECLINED
1937084546883131904,DECLINED
1037822219804983296,DECLINED
2301291066637468416,DECLINED
1480566943854607360,DECLINED
243272725686567936,DECLINED
1763258452402619392,DECLINED
1282807059620024832,DECLINED
1530175817739429376,DECLINED
550743385303833600,DECLINED
821049888778529792,DECLINED
296636118621449216,DECLINED
1822337494857308672,DECLINED
1487953191196218368,DECLINED
763555348857806336,DECLINED
340957645864574720,DECLINED
282102658374551296,DECLINED
1699424421765609728,DECLINED
1301495961923492352,DECLINED
1652065324004928256,DECLINED
1877416571308329216,DECLINED
450695067030745344,DECLINED
176814795233353472,DECLINED
319101771649664256,DECLINED
2248226760995719424,DECLINED
1139702251048661504,DECLINED
834822753781537280,DECLINED
1618699664748598784,DECLINED
436122576663348480,DECLINED
2181052937088890624,DECLINED
857021134797312,DECLINED
1891517985249278208,DECLINED
1725663253084110080,DECLINED
1283172132275674624,DECLINED
1544474222136286976,DECLINED
262938690438964480,DECLINED
633186185462120448,DECLINED
2086564396015768320,DECLINED
1576213447964350720,DECLINED
1882025231513267712,DECLINED
873932890919853824,DECLINED
221263516289381888,DECLINED
1326679084352594176,DECLINED
632062311909548288,DECLINED
1950716724769580544,DECLINED
2280484330241164288,DECLINED
393854925081658880,DECLINED
920309540351253760,DECLINED
117475250334175744,DECLINED
1036472410508381952,DECLINED
1848765328227096576,DECLINED
1825426348610801152,DECLINED
502423574728702464,DECLINED
1357007348935163392,DECLINED
834796226429968640,DECLINED
955933954883769344,DECLINED
1230725572027081216,DECLINED
1962572069778135296,DECLINED
2034297888064056320,DECLINED
326713326388542208,DECLINED
1702191637413981440,DECLINED
573437381942198272,DECLINED
661593892777619968,DECLINED
1629567450665058560,DECLINED
163239262101660928,DECLINED
1076494697697259008,DECLINED
2070501021919900160,DECLINED
271344381993128704,DECLINED
744137691914884608,DECLINED
1198140021754547200,DECLINED
1398822217231693824,DECLINED
1511974434487414784,DECLINED
184599437194390528,DECLINED
1960954059727497728,DECLINED
2127216098977625088,DECLINED
680004967622790400,DECLINED
385106713208392704,DECLINED
158977742858666240,DECLINED
31684154138463232,DECLINED
1810011664511712768,DECLINED
597671668341984768,DECLINED
892852077242114560,DECLINED
1998284348894212608,DECLINED
775475424304893696,DECLINED
1846614584000608768,DECLINED
1801268383035338496,DECLINED
249772721279337984,DECLINED
32798604082707712,DECLINED
856798416689185792,DECLINED
1654999822453012736,DECLINED
998097286108553984,DECLINED
44924466958691328,DECLINED
984398927284232192,DECLINED
1966719808645614080,DECLINED
817323024780839680,DECLINED
849039922549515520,DECLINED
1894059518327118336,DECLINED
1401098169478164480,DECLINED
700581282952369920,DECLINED
706285232828799232,DECLINED
256918014219710976,DECLINED
2006225932963976192,DECLINED
923325817269559552,DECLINED
71422243174482432,DECLINED
2196313606629364224,DECLINED
1208571457217584128,DECLINED
1500982026601833216,DECLINED
1275719345708302592,DECLINED
1225237680482964480,DECLINED
806268027917168128,DECLINED
1772347727673670912,DECLINED
2131724726280509440,DECLINED
353822709609428224,DECLINED
1811547426101813248,DECLINED
1327426050069668608,DECLINED
190562291252599296,DECLINED
769077074916497920,DECLINED
1097717032091956736,DECLINED
1465185123075716608,DECLINED
396255239560200448,DECLINED
1069302976177283840,DECLINED
1498305882026237952,DECLINED
716717028519290624,DECLINED
1725187619038060288,DECLINED
1332876472637668608,DECLINED
964416914647849984,DECLINED
1841417674085507072,DECLINED
619434612285283584,DECLINED
525799275082804224,DECLINED
1288770711433912576,DECLINED
821225763785109248,DECLINED
492745442005282304,DECLINED
45606888116273408,DECLINED
1714640247997533696,DECLINED
407000225413087744,DECLINED
1481601326362775808,DECLINED
69541656704775680,DECLINED
809902927402268416,DECLINED
1462689469657632000,DECLINED
919570627162932992,DECLINED
2127859320083603968,DECLINED
2252260302841608960,DECLINED
1892425837988823296,DECLINED
1326990049796382720,DECLINED
1801554038408315648,DECLINED
1259772265555932928,DECLINED
989000422096461824,DECLINED
1828813939571998976,DECLINED
365232938646179072,DECLINED
352391286631963392,DECLINED
303889459735849728,DECLINED
2057914823131804928,DECLINED
777203640616531200,DECLINED
2101101769248777216,DECLINED
1930955851823460608,DECLINED
284174292859718144,DECLINED
1998170855477364736,DECLINED
1227981780442520832,DECLINED
2083345833094771712,DECLINED
830050311857705984,DECLINED
139472668173689088,DECLINED
2286687720943862272,DECLINED
2004994805633203200,DECLINED
1020046938778459136,DECLINED
1075694641733556224,DECLINED
1517468667401027840,DECLINED
617076451514428160,DECLINED
1979663163281872128,DECLINED
1292977459676487424,DECLINED
2203770940629059328,DECLINED
1789669574607630336,DECLINED
734281063007680512,DECLINED
146552196673632000,DECLINED
1281474708788525056,DECLINED
841152939885948416,DECLINED
1138106326387956224,DECLINED
1264030269530725376,DECLINED
657732712443467776,DECLINED
245459506232105728,DECLINED
648939685811961600,DECLINED
315355774940946176,DECLINED
1469416331924897792,DECLINED
1256738728412923136,DECLINED
1563310685192601088,DECLINED
1704988577667656960,DECLINED
209020428345291008,DECLINED
356136630761550848,DECLINED
1784751920489778944,DECLINED
1184931349229117184,DECLINED
1324787508748813568,DECLINED
7867629522096896,DECLINED
1858904752691177984,DECLINED
1178460360442868992,DECLINED
273506784996398080,DECLINED
1017611452581820416,DECLINED
497644707534489344,DECLINED
1963914511341025024,DECLINED
1855132190955578880,DECLINED
1550288609337473280,DECLINED
1479317713225004288,DECLINED
747203595767205120,DECLINED
1981083087345341184,DECLINED
406080477506992896,DECLINED
1704148256341995520,DECLINED
549385241558785536,DECLINED
1354479646295554816,DECLINED
526857066602849792,DECLINED
2082071592873259776,DECLINED
682481135578782976,DECLINED
497018934794185728,DECLINED
613907647132675072,DECLINED
1490033037702214912,DECLINED
159903011768775936,DECLINED
549896950990190080,DECLINED
2062276567294190848,DECLINED
365829429542634240,DECLINED
1984496903268629504,DECLINED
739451543099728896,DECLINED
1547956725464195328,DECLINED
1764093093503715584,DECLINED
1117056149379809024,DECLINED
197207599429842432,DECLINED
2282154320454406400,DECLINED
125388794401147136,DECLINED
1824619131234799872,DECLINED
493589662828788224,DECLINED
230407108318324736,DECLINED
703575390663756032,DECLINED
1979754062414483712,DECLINED
937530077119436544,DECLINED
495935598028940544,DECLINED
1689985589645864192,DECLINED
924127217316670208,DECLINED
1214954420201898752,DECLINED
343837350001651712,DECLINED
562029556221800704,DECLINED
1746596986763986432,DECLINED
1226662577175714048,DECLINED
280485193782816768,DECLINED
2091583394732415744,DECLINED
1475968584226851840,DECLINED
1882011670560005120,DECLINED
1576933994343995648,DECLINED
1913097762513085440,DECLINED
1992694944696653056,DECLINED
1759683535101741056,DECLINED
821964626486365184,DECLINED
252753169623889408,DECLINED
54420516057865472,DECLINED
1327606925769642752,DECLINED
206821234279820288,DECLINED
385215097783209984,DECLINED
692987039481578240,DECLINED
1122788821890680320,DECLINED
690148438623070720,DECLINED
444513783966150400,DECLINED
1856787992891356928,DECLINED
1603299264063313408,DECLINED
396986419193858560,DECLINED
542822572819340288,DECLINED
1424833121625941760,DECLINED
1881233572997946368,DECLINED
466785502710611456,DECLINED
1738081249570845696,DECLINED
213677526577169152,DECLINED
2058935324262964480,DECLINED
782488580183645184,DECLINED
2041266558191810304,DECLINED
639315082469853952,DECLINED
2060903465937402368,DECLINED
585500585167161856,DECLINED
1492299949869672960,DECLINED
731854074925323520,DECLINED
2232631532583693312,DECLINED
443690645404611072,DECLINED
431374190088545536,DECLINED
476685382425358080,DECLINED
1544323784427650560,DECLINED
498574732294276352,DECLINED
1100592888617371904,DECLINED
1185913971509989632,DECLINED
615732939186539776,DECLINED
1272425228723618048,DECLINED
2001216581688045056,DECLINED
1851318268518061056,DECLINED
1377789254627156480,DECLINED
649444893075606528,DECLINED
2031207288994173440,DECLINED
1772507233375202304,DECLINED
310896405006304512,DECLINED
1209340561838724608,DECLINED
797771955329024512,DECLINED
1708568204356278272,DECLINED
272210520801965056,DECLINED
2142637146066879488,DECLINED
865342017231689216,DECLINED
736867151352229888,DECLINED
1055909142829073152,DECLINED
184823520880727808,DECLINED
2146650523198149120,DECLINED
1422893434747757312,DECLINED
1970273080891595264,DECLINED
168786739749012224,DECLINED
1304506449674244096,DECLINED
1976871076043995904,DECLINED
354558444350423552,DECLINED
1152479738968656896,DECLINED
1753282882731040768,DECLINED
1104961241185566208,DECLINED
2280982459202335488,DECLINED
1802768173060626432,DECLINED
117730331755308800,DECLINED
1163530138993307648,DECLINED
1761318816633476096,DECLINED
52208531967272704,DECLINED
1319396657279286016,DECLINED
2070752362524092160,DECLINED
614486933072402432,DECLINED
927364179920082944,DECLINED
1300421366978202368,DECLINED
597722397398175232,DECLINED
1531458598510876672,DECLINED
1528461597975487232,DECLINED
1370428792736465408,DECLINED
300109604431632384,DECLINED
170798896704970240,DECLINED
2093402175343521024,DECLINED
290850276822686720,DECLINED
1802299662443034624,DECLINED
1297743385377593856,DECLINED
1690441381596862208,DECLINED
185783699463929344,DECLINED
1687578287146941952,DECLINED
1178427720789401088,DECLINED
2114202350846018048,DECLINED
2113285017275534336,DECLINED
2260761980181373952,DECLINED
623823806564153600,DECLINED
380196067704666112,DECLINED
1450438440400321792,DECLINED
587398091154762240,DECLINED
1037224436006757120,DECLINED
1931092535788218624,DECLINED
2131024351592719616,DECLINED
670239270762471936,DECLINED
778721917501385984,DECLINED
95081239597827840,DECLINED
1550606684099310848,DECLINED
533665366747752192,DECLINED
2080197950669961728,DECLINED
620096092138266368,DECLINED
1850045171650895872,DECLINED
1231773404965278720,DECLINED
1750991875042817280,DECLINED
1006887660547113472,DECLINED
255498198660779520,DECLINED
1388707283901351168,DECLINED
2265694623224145664,DECLINED
910221012182425344,DECLINED
585503165677991936,DECLINED
1291126238208324352,DECLINED
104436925833848832,DECLINED
1089966849864724224,DECLINED
466543927800462080,DECLINED
1650922146938649088,DECLINED
857088575390823424,DECLINED
1391136395364464896,DECLINED
1243293207496700672,DECLINED
1482045018576349952,DECLINED
1607589679822956800,DECLINED
2147236772330558976,DECLINED
2137159980678683648,DECLINED
1860621251525544448,DECLINED
1663414509144477184,DECLINED
21535606242905600,DECLINED
1815058055431016448,DECLINED
208653850253220096,DECLINED
1929681689003082240,DECLINED
1956562291146593280,DECLINED
1382388414639680000,DECLINED
608088045909605120,DECLINED
282971502870172160,DECLINED
1081800807125596928,DECLINED
1498066588015862272,DECLINED
2142383925644076288,DECLINED
1366992844205203712,DECLINED
772610155133318656,DECLINED
1727294168102021120,DECLINED
2102016731194379776,DECLINED
1209825861640311808,DECLINED
1701261690915070464,DECLINED
1825543120963572736,DECLINED
12047356483572480,DECLINED
1413363628240462592,DECLINED
292152660623441408,DECLINED
1619822812461983744,DECLINED
757248310862657024,DECLINED
1803253668127781376,DECLINED
595622850044473088,DECLINED
1645992575331516160,DECLINED
2282806818954049024,DECLINED
1304136691814935808,DECLINED
897829207664290304,DECLINED
2167042478229381888,DECLINED
1842334842146434048,DECLINED
250701901311559936,DECLINED
1722610555364689664,DECLINED
288776999517952,DECLINED
622823951145495808,DECLINED
2194412802067159808,DECLINED
1927589724275997952,DECLINED
936734627732316672,DECLINED
65569113009328384,DECLINED
1040050793862186240,DECLINED
657813792965136384,DECLINED
67825824849906688,DECLINED
1763544533548869376,DECLINED
2055996182740533504,DECLINED
1186395105069405696,DECLINED
371118173292488192,DECLINED
1042752894287279616,DECLINED
3564010415373824,DECLINED
752921346434543360,DECLINED
723271597447467008,DECLINED
1637891568720239872,DECLINED
971974593290109184,DECLINED
2032463148410346752,DECLINED
1803378247644368896,DECLINED
775150419393161472,DECLINED
70974453830900736,DECLINED
617969962234406144,DECLINED
1877047753777118208,DECLINED
543530839664641024,DECLINED
854778195862292992,DECLINED
219135105793768448,DECLINED
1330224527746050048,DECLINED
1794405747316267776,DECLINED
2277036584642261504,DECLINED
2301273294838229504,DECLINED
2199798944927136256,DECLINED
1080292328562266368,DECLINED
1363526153085794816,DECLINED
1813326119950623488,DECLINED
2114516490407885568,DECLINED
1535864076351273984,DECLINED
1892453309334790144,DECLINED
271053035210369280,DECLINED
184872581819380480,DECLINED
1126422705415421952,DECLINED
1194279385079379456,DECLINED
340968338915144192,DECLINED
1533696547242326528,DECLINED
749388216508232192,DECLINED
45885383415631872,DECLINED
162142226182479872,DECLINED
2017099394157281792,DECLINED
205206996307521536,DECLINED
531006982599151616,DECLINED
313356872055618304,DECLINED
991955389541369344,DECLINED
2129639892498953472,DECLINED
2276911035968384000,DECLINED
1832323340317894400,DECLINED
2168428592634793472,DECLINED
915949740354087936,DECLINED
1263371301318498560,DECLINED
751995412569136128,DECLINED
1336969905285821696,DECLINED
1738250866342890240,DECLINED
1666790036344513280,DECLINED
2260480938379316480,DECLINED
707389719196779264,DECLINED
1381135916281765376,DECLINED
918458773506963200,DECLINED
811124694602212096,DECLINED
1516792744769673216,DECLINED
1550293198362703616,DECLINED
887370163978951168,DECLINED
2015068277789976064,DECLINED
1714868982360298752,DECLINED
583705598032882688,DECLINED
2227593560441222656,DECLINED
454092745873037824,DECLINED
1023065647912532992,DECLINED
1970344967524224768,DECLINED
1122112402481613312,DECLINED
737626635486231040,DECLINED
1044771900858900992,DECLINED
1266324052718525184,DECLINED
894585418067354112,DECLINED
2279521883771180288,DECLINED
1254795609865475584,DECLINED
1085695294878320128,DECLINED
1172425976434108160,DECLINED
1868403214277713152,DECLINED
1734804572404635648,DECLINED
1493912880486007296,DECLINED
406891485455159040,DECLINED
44758379527509504,DECLINED
662636722090099968,DECLINED
1662666929183283968,DECLINED
2015536787924756736,DECLINED
54783018208254976,DECLINED
625917997842026496,DECLINED
321554767202216960,DECLINED
21565447209981440,DECLINED
1393269062120529920,DECLINED
1154334435621544960,DECLINED
649216682386260224,DECLINED
2199829180522725120,DECLINED
1274399210212257536,DECLINED
764964245980659200,DECLINED
792747477932417792,DECLINED
558676794964237056,DECLINED
2080003706402844416,DECLINED
2169688248589799424,DECLINED
1467962886493507840,DECLINED
1723024282347387648,DECLINED
739445869768289536,DECLINED
1226103323871855616,DECLINED
2089605141032408320,DECLINED
1275147076963201792,DECLINED
1726977412535269376,DECLINED
2153141915256526080,DECLINED
2179042741811001088,DECLINED
1166791054412820224,DECLINED
227803904455505408,DECLINED
845957450001371392,DECLINED
1187955430494722816,DECLINED
1061058993412817152,DECLINED
1331189193494867200,DECLINED
324492226116236288,DECLINED
822261572072051456,DECLINED
858029233862822144,DECLINED
347646483950545408,DECLINED
1820176900461795840,DECLINED
1252345980841380864,DECLINED
1079344071527608320,DECLINED
1616510155384194560,DECLINED
1990685859968968704,DECLINED
852336227050670848,DECLINED
1698609260203881472,DECLINED
1045272898256339456,DECLINED
1280318792173631744,DECLINED
2292663938524846336,DECLINED
1929919459239402752,DECLINED
266834203525123840,DECLINED
142909675582047488,DECLINED
1221918192841937408,DECLINED
1771867058611320832,DECLINED
183257494755336704,DECLINED
314508956913620992,DECLINED
148432875577290752,DECLINED
935916073970298112,DECLINED
1634956618729200384,DECLINED
404024873178090496,DECLINED
141597617796078848,DECLINED
1218810318409264896,DECLINED
1482192971615137536,DECLINED
432478965326522112,DECLINED
1871320295932506368,DECLINED
202194768697116928,DECLINED
248547783962708480,DECLINED
2151313124362199552,DECLINED
2127815115132966912,DECLINED
1720074565006193152,DECLINED
1869976623651629056,DECLINED
1826536437599602688,DECLINED
653057039252939264,DECLINED
962042097158991360,DECLINED
364433042447622144,DECLINED
450613680111056896,DECLINED
2161629681056388864,DECLINED
1068223716699610368,DECLINED
2109556539732895744,DECLINED
479226642679488000,DECLINED
479672797758973952,DECLINED
978434475614246912,DECLINED
1572898768299009024,DECLINED
2217988428957185536,DECLINED
236072825170271232,DECLINED
610833270284512256,DECLINED
186325213537394432,DECLINED
757689071816215552,DECLINED
1712135891905419008,DECLINED
533222293318088704,DECLINED
1746190199741824000,DECLINED
215981658825241600,DECLINED
33041026885341952,DECLINED
1802363902489337600,DECLINED
2163568569082110208,DECLINED
258647445097117440,DECLINED
1251687661571896576,DECLINED
145084823606612992,DECLINED
1356812641361203456,DECLINED
2299047867319582976,DECLINED
311673160956073984,DECLINED
1091784670275452672,DECLINED
1916508734796722176,DECLINED
636810313409373952,DECLINED
1637849410412568832,DECLINED
1027155928044986368,DECLINED
2035936897617791232,DECLINED
2282028457556659456,DECLINED
2043397889951601152,DECLINED
1461758292114500864,DECLINED
1320868966537052672,DECLINED
1080265776132655104,DECLINED
586595425278495488,DECLINED
1584645414688822528,DECLINED
1031302585196549888,DECLINED
129233507999783680,DECLINED
1455669203783827712,DECLINED
1878973493199745280,DECLINED
1983114346401723392,DECLINED
1624457079344794624,DECLINED
692128283662819840,DECLINED
2202242417061718528,DECLINED
258375901085975040,DECLINED
26431558795873024,DECLINED
1555609903850447104,DECLINED
873191132042828544,DECLINED
1750302630695336448,DECLINED
2024697027828861184,DECLINED
1583731866069621504,DECLINED
2080764138935552,DECLINED
439531581480269312,DECLINED
745078445554232832,DECLINED
562464794193625600,DECLINED
419684513095898624,DECLINED
128837198260332800,DECLINED
1444627347016443136,DECLINED
1129725858876203008,DECLINED
485495751570093312,DECLINED
927578212630425088,DECLINED
1435484355519461376,DECLINED
2182676121184825344,DECLINED
1722384032307158016,DECLINED
38778217193054464,DECLINED
90736117762814976,DECLINED
984024455764793600,DECLINED
830158226045417984,DECLINED
814188008306505728,DECLINED
425027942857486848,DECLINED
387826734142065664,DECLINED
1841408865029396224,DECLINED
1646847558078757376,DECLINED
1354110328431954688,DECLINED
1121927295213833984,DECLINED
2222199115262990336,DECLINED
1378353148430945792,DECLINED
863401143577866752,DECLINED
977998590493120256,DECLINED
1156583390710156544,DECLINED
1663870842821777664,DECLINED
1768364695451576064,DECLINED
557030660496803840,DECLINED
149890117293596160,DECLINED
1529963028000184576,DECLINED
324456655728127232,DECLINED
852240555429787648,DECLINED
903685969456838656,DECLINED
2021254821586301184,DECLINED
1092953403167958528,DECLINED
616750318785397504,DECLINED
1815717113860178176,DECLINED
1340543162181687296,DECLINED
809143589439111424,DECLINED
790963125284641024,DECLINED
621080065703590144,DECLINED
2150169842238338560,DECLINED
1978588642351161344,DECLINED
1539997290466641152,DECLINED
1314100178809451008,DECLINED
2236035017640993024,DECLINED
984974606844799232,DECLINED
1247591613595799296,DECLINED
1260018088739524864,DECLINED
1825826512674708736,DECLINED
1869030510587679744,DECLINED
429382896526629120,DECLINED
296931901238134784,DECLINED
615680546050138880,DECLINED
1806406648034816000,DECLINED
1475775219071959040,DECLINED
560172631169953792,DECLINED
206444698506010624,DECLINED
1595862360559879424,DECLINED
879889749720017664,DECLINED
242909456443720192,DECLINED
138725642700761856,DECLINED
1680321200653072640,DECLINED
